date,team,opponent,starting_pitcher,predicted_ks
2025-06-09,CLE,CIN,Luis Ortiz,6.01
2025-06-09,PHI,CHC,Zack Wheeler,7.49
2025-06-09,CHC,PHI,Matthew Boyd,5.17
2025-06-09,MIL,ATL,Aaron Civale,3.81
2025-06-09,ATL,MIL,Chris Sale,9.23
2025-06-09,LAA,ATH,Yusei Kikuchi,4.87
2025-06-09,ATH,LAA,Jeffrey Springs,4.66
2025-06-09,ARI,SEA,Merrill Kelly,7.98
2025-06-09,SEA,ARI,Emerson Hancock,5.24
